"id","value"
1,"Alice,Bob,Charlie"
2,"David,Eve,Frank"
3,"Grace,Hank,Ivy"
4,"Jack,Kate,Leo"
5,"Mona,Nate,Oscar"
6,"Alice,Bob,Charlie"
7,"David,Eve,Frank"
8,"Grace,Hank,Ivy"
9,"Jack,Kate,Leo"
10,"Mona,Nate,Oscar"
11,"Alice,Bob,Charlie"
12,"David,Eve,Frank"
13,"Grace,Hank,Ivy"
14,"Jack,Kate,Leo"
15,"Mona,Nate,Oscar"
16,"Alice,Bob,Charlie"
17,"David,Eve,Frank"
18,"Grace,Hank,Ivy"
19,"Jack,Kate,Leo"
20,"Mona,Nate,Oscar"
21,"Alice,Bob,Charlie"
22,"David,Eve,Frank"
23,"Grace,Hank,Ivy"
24,"Jack,Kate,Leo"
25,"Mona,Nate,Oscar"
26,"Alice,Bob,Charlie"
27,"David,Eve,Frank"
28,"Grace,Hank,Ivy"
29,"Jack,Kate,Leo"
30,"Mona,Nate,Oscar"
31,"Alice,Bob,Charlie"
32,"David,Eve,Frank"
33,"Grace,Hank,Ivy"
34,"Jack,Kate,Leo"
35,"Mona,Nate,Oscar"
36,"Alice,Bob,Charlie"
37,"David,Eve,Frank"
38,"Grace,Hank,Ivy"
39,"Jack,Kate,Leo"
40,"Mona,Nate,Oscar"
41,"Alice,Bob,Charlie"
42,"David,Eve,Frank"
43,"Grace,Hank,Ivy"
44,"Jack,Kate,Leo"
45,"Mona,Nate,Oscar"
46,"Alice,Bob,Charlie"
47,"David,Eve,Frank"
48,"Grace,Hank,Ivy"
49,"Jack,Kate,Leo"
50,"Mona,Nate,Oscar"
